Residue,Normalized_B_Factor,Normalized_Stability,Normalized_Frustration,Normalized_Coupling
1,,,0.6785714285714286,
2,,,0.6071428571428571,
3,,,0.6785714285714286,
4,,,0.7142857142857143,
5,,,0.6071428571428571,
6,,,0.6785714285714286,
7,,,0.5,
8,,,0.6785714285714286,
9,,,0.6071428571428571,
10,,,0.5714285714285714,
11,,,0.39285714285714285,
12,,,0.5714285714285714,
13,,,0.6071428571428571,
14,,,0.14285714285714285,
15,,,0.7142857142857143,
16,,,0.5357142857142857,
17,,,0.6071428571428571,
18,,,0.2857142857142857,
19,,,0.6071428571428571,
20,,,0.5357142857142857,
21,,,0.42857142857142855,
22,,,0.6428571428571429,
23,,,0.6071428571428571,
24,,,0.5714285714285714,
25,,,0.5714285714285714,
26,,,0.5357142857142857,
27,,,0.7142857142857143,
28,,,0.0,
29,,,0.5,
30,,,0.5714285714285714,
31,,,0.39285714285714285,
32,,,0.4642857142857143,
33,,,0.5714285714285714,
34,,,0.5714285714285714,
35,,,0.17857142857142858,
36,,,0.6071428571428571,
37,,,0.5357142857142857,
38,,,0.42857142857142855,
39,,,0.6428571428571429,
40,,,0.5714285714285714,
41,,,0.75,
42,,,0.14285714285714285,
43,,,0.6785714285714286,
44,,,0.6071428571428571,
45,,,1.0,
46,,,0.5357142857142857,
47,,,0.6428571428571429,
48,,,0.6071428571428571,
49,,,0.5714285714285714,
50,,,0.5357142857142857,
51,,,0.6785714285714286,
52,,,0.6071428571428571,
53,,,0.17857142857142858,
54,,,0.5714285714285714,
55,,,0.6071428571428571,
56,,,0.21428571428571427,
57,,,0.5,
58,,,0.5714285714285714,
59,,,0.5357142857142857,
60,,,0.21428571428571427,
61,,,0.5,
62,,,0.5,
63,,,0.14285714285714285,
64,,,0.4642857142857143,
65,,,0.5357142857142857,
66,,,0.6785714285714286,
67,,,0.10714285714285714,
68,,,0.6071428571428571,
69,,,0.5357142857142857,
70,,,0.6785714285714286,
71,,,0.42857142857142855,
72,,,0.5714285714285714,
73,,,0.5357142857142857,
